customer_id,customer_name,age,age_group,gender,location,subscription_status,payment_method,frequency_of_purchases
1001,Allison Hill,56,Senior,Male,New York,No,Bank Transfer,Monthly
1002,Noah Rhodes,69,Senior,Female,Pennsylvania,Yes,Debit Card,Quarterly
1003,Angie Henderson,46,Middle-aged,Female,Ohio,Yes,PayPal,Bi-Weekly
1004,Daniel Wagner,32,Adult,Male,North Carolina,Yes,Cash,Annually
1005,Cristian Santos,60,Senior,Female,Pennsylvania,No,Venmo,Annually
1006,Connie Lawrence,25,Young Adult,Female,Ohio,No,Credit Card,Weekly
1007,Abigail Shaffer,38,Adult,Male,Ohio,No,Bank Transfer,Weekly
1008,Gina Moore,56,Senior,Male,Texas,Yes,PayPal,Bi-Weekly
1009,Gabrielle Davis,36,Adult,Female,Illinois,Yes,PayPal,Annually
1010,Ryan Munoz,40,Adult,Male,Ohio,Yes,Debit Card,Quarterly
1011,Monica Herrera,28,Adult,Male,Texas,Yes,Credit Card,Quarterly
1012,Jamie Arnold,28,Adult,Male,North Carolina,Yes,Cash,Bi-Weekly
1013,Lisa Hensley,41,Middle-aged,Male,Georgia,Yes,Cash,Weekly
1014,Michele Williams,53,Middle-aged,Female,Florida,Yes,Venmo,Quarterly
1015,Dylan Miller,57,Senior,Male,Florida,No,Bank Transfer,Monthly
1016,Brian Ramirez,41,Middle-aged,Male,Illinois,Yes,Venmo,Bi-Weekly
1017,Holly Wood,20,Young Adult,Male,Texas,Yes,Debit Card,Monthly
1018,Derek Zuniga,39,Adult,Male,Georgia,Yes,Credit Card,Monthly
1019,Lisa Jackson,19,Young Adult,Male,New York,No,Cash,Weekly
1020,Carla Gray,41,Middle-aged,Male,North Carolina,Yes,Credit Card,Annually
1021,Margaret Hawkins DDS,61,Senior,Male,Ohio,No,Debit Card,Bi-Weekly
1022,Patty Perez,47,Middle-aged,Female,Ohio,No,Credit Card,Annually
1023,Ethan Adams,55,Middle-aged,Male,North Carolina,Yes,Credit Card,Quarterly
1024,Tommy Walter,19,Young Adult,Male,North Carolina,Yes,Credit Card,Quarterly
1025,Matthew Foster,38,Adult,Female,Texas,No,Debit Card,Bi-Weekly
1026,Judy Baker,50,Middle-aged,Male,Ohio,Yes,Debit Card,Weekly
1027,Justin Baker,29,Adult,Male,Florida,Yes,Debit Card,Quarterly
1028,Stephanie Ross,39,Adult,Female,Illinois,Yes,Cash,Quarterly
1029,Zachary Hicks,61,Senior,Male,Florida,No,PayPal,Annually
1030,Anthony Rodriguez,42,Middle-aged,Male,Pennsylvania,No,Bank Transfer,Quarterly
1031,Rebecca Henderson,66,Senior,Male,California,No,Bank Transfer,Weekly
1032,James Ferrell,44,Middle-aged,Male,Georgia,No,Bank Transfer,Quarterly
1033,Tricia Valencia,59,Senior,Male,Pennsylvania,No,Credit Card,Quarterly
1034,Nathan Maldonado,45,Middle-aged,Female,California,No,Venmo,Monthly
1035,Debra Davidson,33,Adult,Male,North Carolina,Yes,Venmo,Weekly
1036,Jeffrey Chavez,32,Adult,Female,Florida,Yes,PayPal,Quarterly
1037,Sherri Baker,64,Senior,Male,New York,No,Credit Card,Weekly
1038,Cassandra Gaines,68,Senior,Male,Illinois,No,Credit Card,Weekly
1039,Elizabeth Fowler,61,Senior,Female,Ohio,No,Credit Card,Quarterly
1040,Brittany Farmer,69,Senior,Male,Michigan,No,Debit Card,Quarterly
1041,Paula Moreno,20,Young Adult,Male,Michigan,No,Bank Transfer,Weekly
1042,Fred Smith,54,Middle-aged,Female,New York,Yes,Cash,Annually
1043,Sherry Decker,68,Senior,Male,California,Yes,Debit Card,Annually
1044,Anthony Humphrey,24,Young Adult,Male,Florida,Yes,Credit Card,Weekly
1045,Angelica Tucker,38,Adult,Female,Michigan,Yes,PayPal,Weekly
1046,Philip Cannon,26,Adult,Female,North Carolina,Yes,Credit Card,Annually
1047,John Pierce,56,Senior,Female,Florida,Yes,Credit Card,Annually
1048,Shane Henderson,35,Adult,Male,Georgia,Yes,Cash,Monthly
1049,Joshua Blair,21,Young Adult,Female,Florida,No,Credit Card,Annually
1050,Eric Carney,42,Middle-aged,Male,Pennsylvania,Yes,Debit Card,Annually
1051,Jessica Holmes,31,Adult,Male,Illinois,Yes,Venmo,Bi-Weekly
1052,Danny Morgan,67,Senior,Female,New York,Yes,Cash,Quarterly
1053,Crystal Robinson,26,Adult,Female,Florida,Yes,Bank Transfer,Monthly
1054,Mark Perez,43,Middle-aged,Male,Florida,No,Cash,Monthly
1055,Shannon Jones,19,Young Adult,Male,California,No,Cash,Weekly
1056,Michael Lewis,37,Adult,Female,Georgia,No,Credit Card,Bi-Weekly
1057,Timothy Duncan,45,Middle-aged,Female,Florida,Yes,Cash,Quarterly
1058,Richard Aguirre,64,Senior,Female,Michigan,No,Bank Transfer,Monthly
1059,Brent Jordan,24,Young Adult,Male,Florida,Yes,Cash,Annually
1060,John Daniel,61,Senior,Female,Ohio,No,Debit Card,Annually
1061,Victoria Garcia,25,Young Adult,Female,Florida,No,PayPal,Annually
1062,Gerald Hensley,64,Senior,Male,North Carolina,No,Debit Card,Quarterly
1063,Connor West,52,Middle-aged,Male,Pennsylvania,No,Debit Card,Monthly
1064,Donald Wright,31,Adult,Female,Illinois,No,PayPal,Quarterly
1065,Jessica Callahan,34,Adult,Male,Ohio,No,PayPal,Weekly
1066,Amber Kidd,53,Middle-aged,Male,Georgia,No,Cash,Weekly
1067,Tracy House,67,Senior,Male,North Carolina,Yes,Debit Card,Bi-Weekly
1068,Carol Tucker,57,Senior,Female,Pennsylvania,Yes,Credit Card,Weekly
1069,James Brown,21,Young Adult,Female,Illinois,Yes,Venmo,Monthly
1070,William Baker,19,Young Adult,Female,Illinois,Yes,Venmo,Monthly
1071,Jordan Henderson,23,Young Adult,Female,Pennsylvania,Yes,Venmo,Monthly
1072,Whitney Peters,59,Senior,Female,North Carolina,No,Debit Card,Annually
1073,Brittney Phillips,21,Young Adult,Female,Georgia,No,Bank Transfer,Annually
1074,Lauren Daniels,46,Middle-aged,Male,Georgia,Yes,PayPal,Monthly
1075,Amy Silva,35,Adult,Male,California,No,Cash,Weekly
1076,Sarah Moore,43,Middle-aged,Male,Georgia,Yes,Cash,Weekly
1077,Angela Lopez,61,Senior,Female,Pennsylvania,No,Venmo,Bi-Weekly
1078,Megan Young,51,Middle-aged,Female,Florida,No,Cash,Quarterly
1079,Steve Sanchez,27,Adult,Male,Pennsylvania,Yes,Credit Card,Bi-Weekly
1080,Lisa Barnes,53,Middle-aged,Female,Pennsylvania,Yes,Credit Card,Quarterly
1081,Kelly Donovan,31,Adult,Female,Ohio,Yes,PayPal,Weekly
1082,Mike Allen,48,Middle-aged,Female,New York,Yes,Cash,Monthly
1083,Michael Evans,65,Senior,Female,Michigan,No,Debit Card,Annually
1084,Paul Jones,32,Adult,Female,Florida,No,Cash,Bi-Weekly
1085,Zachary Ferrell,25,Young Adult,Male,Texas,Yes,Debit Card,Bi-Weekly
1086,Daniel Baker,31,Adult,Female,New York,Yes,Bank Transfer,Weekly
1087,Shirley Suarez,40,Adult,Female,Illinois,No,Venmo,Quarterly
1088,Christopher Bass,57,Senior,Female,North Carolina,No,Debit Card,Bi-Weekly
1089,Lisa Archer,38,Adult,Female,Michigan,Yes,Bank Transfer,Quarterly
1090,Aimee Montoya,33,Adult,Female,Michigan,Yes,Venmo,Bi-Weekly
1091,Matthew Mcmillan,62,Senior,Male,Ohio,Yes,Credit Card,Monthly
1092,Brian Rodriguez,35,Adult,Female,Illinois,No,Cash,Weekly
1093,Denise Jacobs,64,Senior,Male,Texas,No,Bank Transfer,Quarterly
1094,Christina Walters,41,Middle-aged,Male,Florida,Yes,PayPal,Weekly
1095,John Whitehead,43,Middle-aged,Male,Pennsylvania,Yes,Cash,Annually
1096,Anna Henderson,42,Middle-aged,Male,Florida,Yes,Venmo,Weekly
1097,Aaron Wise,62,Senior,Female,Ohio,No,Cash,Quarterly
1098,Deborah Figueroa,58,Senior,Male,Michigan,No,PayPal,Quarterly
1099,Jessica Smith,46,Middle-aged,Female,Florida,No,Venmo,Annually
1100,Stephen Mckee,32,Adult,Male,Georgia,No,Venmo,Annually
1101,Sandra Aguilar,62,Senior,Male,North Carolina,Yes,PayPal,Bi-Weekly
1102,Cameron Parker,18,Young Adult,Female,Pennsylvania,No,Cash,Quarterly
1103,Rebecca Valencia,42,Middle-aged,Male,Illinois,No,PayPal,Weekly
1104,Christine Wright,24,Young Adult,Female,Georgia,No,Debit Card,Annually
1105,Richard Henson,26,Adult,Female,Georgia,Yes,Credit Card,Weekly
1106,Marc Moore,41,Middle-aged,Female,Georgia,No,PayPal,Annually
1107,Sharon Cherry,18,Young Adult,Male,Texas,Yes,Venmo,Quarterly
1108,Sierra Johnson,61,Senior,Female,Pennsylvania,No,Debit Card,Annually
1109,Evelyn Galvan,25,Young Adult,Female,Texas,Yes,Credit Card,Quarterly
1110,Sharon Cochran,41,Middle-aged,Female,Texas,No,PayPal,Annually
1111,Richard Rodriguez,28,Adult,Male,North Carolina,No,Credit Card,Bi-Weekly
1112,Shannon Walker,68,Senior,Male,Georgia,Yes,Cash,Annually
1113,Julia Torres,34,Adult,Male,Texas,Yes,Venmo,Bi-Weekly
1114,Crystal Johnson,25,Young Adult,Female,North Carolina,Yes,PayPal,Bi-Weekly
1115,Garrett Lin,52,Middle-aged,Male,New York,No,Venmo,Weekly
1116,Diana May,52,Middle-aged,Male,North Carolina,No,Debit Card,Quarterly
1117,William Herrera,50,Middle-aged,Female,New York,Yes,Debit Card,Annually
1118,Ashley Waller,22,Young Adult,Female,California,No,Credit Card,Annually
1119,Victor Baker,59,Senior,Male,New York,No,Debit Card,Monthly
1120,Jeffrey Chandler,56,Senior,Female,New York,Yes,Bank Transfer,Annually
1121,Larry Dixon,58,Senior,Male,Ohio,No,Debit Card,Quarterly
1122,Kenneth Scott,45,Middle-aged,Female,Texas,Yes,PayPal,Quarterly
1123,April Frost,24,Young Adult,Male,Florida,No,Venmo,Annually
1124,Michelle Harmon,26,Adult,Female,California,Yes,Bank Transfer,Bi-Weekly
1125,Helen Jones,25,Young Adult,Male,Texas,Yes,Credit Card,Monthly
1126,Erin Edwards,29,Adult,Male,New York,Yes,Debit Card,Quarterly
1127,Michelle Evans,51,Middle-aged,Female,Florida,Yes,Venmo,Monthly
1128,Jason Powell,50,Middle-aged,Female,North Carolina,No,Cash,Monthly
1129,Cameron Fisher,65,Senior,Female,Georgia,No,PayPal,Quarterly
1130,Megan Orr,40,Adult,Female,Pennsylvania,No,Debit Card,Bi-Weekly
1131,Elizabeth Kelley,41,Middle-aged,Male,New York,Yes,Debit Card,Bi-Weekly
1132,Dustin Jordan,54,Middle-aged,Male,Michigan,Yes,Debit Card,Quarterly
1133,Mary Marshall,52,Middle-aged,Male,Michigan,No,Venmo,Annually
1134,Daniel Kennedy,61,Senior,Female,Georgia,No,PayPal,Annually
1135,Rebecca Jackson,57,Senior,Male,Georgia,Yes,Bank Transfer,Monthly
1136,Jose Schultz,39,Adult,Male,New York,Yes,Bank Transfer,Annually
1137,Robert Potter,44,Middle-aged,Male,New York,Yes,PayPal,Monthly
1138,Courtney Gonzalez,52,Middle-aged,Male,North Carolina,No,Venmo,Annually
1139,David Alvarez,18,Young Adult,Male,North Carolina,No,Credit Card,Bi-Weekly
1140,Angel Perry,52,Middle-aged,Female,Ohio,Yes,Bank Transfer,Bi-Weekly
1141,Cheyenne Horton,54,Middle-aged,Female,New York,No,Bank Transfer,Bi-Weekly
1142,David Douglas Jr.,64,Senior,Female,New York,No,PayPal,Annually
1143,Patricia Rodriguez,31,Adult,Female,North Carolina,Yes,Venmo,Monthly
1144,Christopher Rubio,20,Young Adult,Male,Illinois,No,Venmo,Monthly
1145,Amber Wright,18,Young Adult,Female,North Carolina,No,Debit Card,Bi-Weekly
1146,Joyce Solis,22,Young Adult,Female,Illinois,Yes,Venmo,Bi-Weekly
1147,Victoria Larson,43,Middle-aged,Female,New York,Yes,Debit Card,Annually
1148,Stephanie Salazar,31,Adult,Male,North Carolina,No,Cash,Annually
1149,Kathy Rivas,56,Senior,Male,Ohio,Yes,Venmo,Monthly
1150,Stephanie Manning,44,Middle-aged,Male,Texas,Yes,PayPal,Weekly
1151,David Wright,26,Adult,Male,California,No,Debit Card,Monthly
1152,Pamela Boyd,32,Adult,Male,California,No,Cash,Annually
1153,Denise Jones,32,Adult,Male,North Carolina,Yes,Credit Card,Quarterly
1154,Devon Flores,43,Middle-aged,Female,Texas,Yes,Credit Card,Annually
1155,Brenda Hall,59,Senior,Female,Florida,Yes,Credit Card,Annually
1156,Michelle Brown,30,Adult,Female,Florida,Yes,Debit Card,Quarterly
1157,Joshua Perry,68,Senior,Female,Michigan,Yes,Venmo,Annually
1158,Jason Stein,49,Middle-aged,Female,North Carolina,No,Debit Card,Monthly
1159,Melissa Gates,56,Senior,Female,Illinois,Yes,Credit Card,Quarterly
1160,Jamie Smith,66,Senior,Female,Pennsylvania,Yes,Venmo,Weekly
1161,Paul Castaneda,69,Senior,Male,Illinois,Yes,Cash,Annually
1162,Jennifer Adkins,49,Middle-aged,Male,Ohio,No,Credit Card,Weekly
1163,Lindsey Walker,21,Young Adult,Female,California,Yes,PayPal,Weekly
1164,Jeffrey Johnson,47,Middle-aged,Female,Pennsylvania,No,Venmo,Quarterly
1165,Michael Powell,54,Middle-aged,Male,Ohio,No,Debit Card,Bi-Weekly
1166,John Anderson,40,Adult,Female,Georgia,Yes,Debit Card,Weekly
1167,Alyssa Long,56,Senior,Female,Michigan,Yes,PayPal,Weekly
1168,Alyssa Day,62,Senior,Female,Florida,No,Bank Transfer,Bi-Weekly
1169,Joel Williams,32,Adult,Male,Florida,Yes,Debit Card,Monthly
1170,Daniel Murphy,60,Senior,Male,Illinois,Yes,PayPal,Bi-Weekly
1171,Jamie Walton,46,Middle-aged,Female,California,No,Credit Card,Monthly
1172,Darlene Miller,53,Middle-aged,Male,New York,No,Credit Card,Monthly
1173,Joshua Cooke,30,Adult,Male,California,Yes,Debit Card,Bi-Weekly
1174,Matthew Harrington,49,Middle-aged,Male,Ohio,No,Venmo,Weekly
1175,Nicole Herring,24,Young Adult,Female,Ohio,No,Bank Transfer,Monthly
1176,Alex Hernandez,68,Senior,Male,Ohio,Yes,Debit Card,Bi-Weekly
1177,Michael Elliott,39,Adult,Male,North Carolina,Yes,Credit Card,Annually
1178,Michael Wang,45,Middle-aged,Female,Georgia,Yes,Venmo,Weekly
1179,Lawrence Adkins,19,Young Adult,Female,New York,No,PayPal,Monthly
1180,Robert Oconnell,59,Senior,Female,New York,No,Credit Card,Quarterly
1181,Alexander Collins,62,Senior,Male,Texas,No,PayPal,Weekly
1182,Tina Sanders,23,Young Adult,Male,California,No,Bank Transfer,Annually
1183,Angela Vaughn,45,Middle-aged,Female,Georgia,No,Bank Transfer,Annually
1184,Ashley Barton,45,Middle-aged,Female,Ohio,Yes,Cash,Bi-Weekly
1185,Lindsay Martinez,61,Senior,Male,Pennsylvania,No,Venmo,Annually
1186,Dr. Hannah Patterson,61,Senior,Male,Michigan,Yes,Credit Card,Quarterly
1187,Jonathan Peterson,37,Adult,Female,California,No,PayPal,Bi-Weekly
1188,Samantha Garcia,47,Middle-aged,Male,North Carolina,Yes,PayPal,Annually
1189,Madison Poole,28,Adult,Female,New York,Yes,PayPal,Monthly
1190,Jessica Gross,45,Middle-aged,Male,Florida,Yes,Debit Card,Weekly
1191,Debra Morton,42,Middle-aged,Female,Florida,Yes,Debit Card,Quarterly
1192,Karen Graham,56,Senior,Male,Michigan,Yes,Bank Transfer,Quarterly
1193,Debra Christian,50,Middle-aged,Female,Georgia,Yes,Cash,Quarterly
1194,Angelica Keith,18,Young Adult,Male,Illinois,No,Bank Transfer,Monthly
1195,John Bishop,44,Middle-aged,Female,New York,Yes,Cash,Annually
1196,Allen Rosales,69,Senior,Male,California,No,Bank Transfer,Weekly
1197,Daniel Salinas,30,Adult,Female,Illinois,Yes,PayPal,Weekly
1198,Spencer Haynes,58,Senior,Female,North Carolina,Yes,Debit Card,Monthly
1199,Adam Vaughan,20,Young Adult,Female,Michigan,No,Bank Transfer,Bi-Weekly
1200,Nathan Freeman,56,Senior,Female,New York,No,Venmo,Annually
1201,Melissa Brewer,23,Young Adult,Female,Texas,No,Bank Transfer,Quarterly
1202,Ricky Davis II,25,Young Adult,Male,Pennsylvania,No,Venmo,Bi-Weekly
1203,Elizabeth Perkins,44,Middle-aged,Female,New York,No,PayPal,Monthly
1204,Joseph Coleman,26,Adult,Male,Florida,Yes,Debit Card,Annually
1205,Erin Warner,54,Middle-aged,Female,Michigan,No,Bank Transfer,Annually
1206,David Martinez,50,Middle-aged,Male,Texas,Yes,Venmo,Annually
1207,Bryan Herrera,68,Senior,Female,Ohio,No,Debit Card,Bi-Weekly
1208,Cathy Robinson,59,Senior,Female,California,Yes,Cash,Bi-Weekly
1209,Dr. William Warren,61,Senior,Male,Illinois,No,PayPal,Monthly
1210,Brian Lee,41,Middle-aged,Female,Texas,No,Bank Transfer,Quarterly
1211,Christopher Smith,32,Adult,Male,Michigan,Yes,Bank Transfer,Bi-Weekly
1212,Denise Mccann,49,Middle-aged,Male,Florida,No,PayPal,Weekly
1213,Melissa Martinez,49,Middle-aged,Female,Michigan,No,Debit Card,Bi-Weekly
1214,Katherine Salas,41,Middle-aged,Female,Ohio,Yes,Debit Card,Bi-Weekly
1215,Julie Alexander,58,Senior,Male,North Carolina,No,Bank Transfer,Annually
1216,Anthony Everett,69,Senior,Female,Pennsylvania,No,Credit Card,Weekly
1217,Rodney Morales,66,Senior,Female,Ohio,No,Bank Transfer,Quarterly
1218,Mark Brown,66,Senior,Female,Texas,No,Venmo,Weekly
1219,Justin Torres,69,Senior,Male,California,Yes,Cash,Quarterly
1220,Bailey Duran DDS,29,Adult,Female,North Carolina,Yes,Venmo,Monthly
1221,Courtney Mills,56,Senior,Male,Pennsylvania,No,Credit Card,Annually
1222,Jeremy Dalton,19,Young Adult,Male,New York,No,Debit Card,Monthly
1223,Elizabeth Oliver DDS,20,Young Adult,Male,California,No,Venmo,Bi-Weekly
1224,Theresa Clark,66,Senior,Male,Ohio,No,PayPal,Bi-Weekly
1225,Matthew Moore,54,Middle-aged,Female,Florida,Yes,Venmo,Annually
1226,Benjamin Smith,66,Senior,Female,California,No,Debit Card,Monthly
1227,Kirk Carter,34,Adult,Male,Pennsylvania,Yes,Bank Transfer,Weekly
1228,Michael Warner,66,Senior,Male,Michigan,No,Venmo,Monthly
1229,Michael Bradshaw,19,Young Adult,Male,Michigan,Yes,Credit Card,Quarterly
1230,Lori Guerrero,19,Young Adult,Male,Michigan,No,Cash,Bi-Weekly
1231,Jessica Stephens,45,Middle-aged,Female,Ohio,Yes,Debit Card,Weekly
1232,Susan Serrano,40,Adult,Male,Pennsylvania,Yes,PayPal,Bi-Weekly
1233,Christopher Parker,54,Middle-aged,Male,New York,No,Bank Transfer,Monthly
1234,Laura Roberts,49,Middle-aged,Male,Illinois,No,Credit Card,Annually
1235,Michael Lyons,50,Middle-aged,Male,Georgia,Yes,Debit Card,Weekly
1236,Kathryn Snyder,18,Young Adult,Male,Georgia,Yes,PayPal,Annually
1237,Andrew Reynolds,36,Adult,Female,Florida,No,PayPal,Monthly
1238,David Davis,19,Young Adult,Female,Pennsylvania,Yes,Debit Card,Quarterly
1239,Sara Johnston,61,Senior,Female,North Carolina,No,Bank Transfer,Annually
1240,Yvonne Chambers,43,Middle-aged,Female,Ohio,No,Credit Card,Annually
1241,Andrew Avila,49,Middle-aged,Female,Ohio,No,Bank Transfer,Monthly
1242,Matthew Moon,23,Young Adult,Male,Texas,No,Bank Transfer,Weekly
1243,Kevin Walters,49,Middle-aged,Female,Michigan,No,Bank Transfer,Monthly
1244,Brandon Bailey MD,21,Young Adult,Male,Ohio,No,Bank Transfer,Annually
1245,Shannon Rivera,28,Adult,Female,California,Yes,PayPal,Bi-Weekly
1246,Donna Landry,34,Adult,Female,Michigan,No,Cash,Bi-Weekly
1247,Krista Gibson,55,Middle-aged,Female,Illinois,Yes,Credit Card,Annually
1248,Frank Cordova,41,Middle-aged,Female,Florida,Yes,PayPal,Weekly
1249,Jose Travis,22,Young Adult,Male,California,No,Debit Card,Annually
1250,Kimberly Gutierrez,69,Senior,Female,California,Yes,Debit Card,Bi-Weekly
1251,Isaiah Avila,51,Middle-aged,Male,Illinois,Yes,Bank Transfer,Quarterly
1252,Olivia Harris,23,Young Adult,Female,Texas,No,Credit Card,Annually
1253,Tanya Kim,39,Adult,Female,Ohio,Yes,PayPal,Annually
1254,Barbara Dudley,28,Adult,Female,Texas,Yes,PayPal,Quarterly
1255,Cynthia Moore,65,Senior,Male,Ohio,No,Credit Card,Weekly
1256,Kristen Davis,33,Adult,Male,Pennsylvania,No,Bank Transfer,Monthly
1257,Susan Murray MD,50,Middle-aged,Female,Pennsylvania,Yes,Credit Card,Bi-Weekly
1258,Kathleen Moran,26,Adult,Female,California,Yes,Credit Card,Bi-Weekly
1259,Denise Davenport,23,Young Adult,Male,California,Yes,Cash,Monthly
1260,Mrs. Kristen Reyes,33,Adult,Male,New York,No,Cash,Monthly
1261,Katie Suarez,46,Middle-aged,Female,Illinois,No,Bank Transfer,Monthly
1262,Desiree Tyler,20,Young Adult,Female,Georgia,No,Cash,Monthly
1263,Timothy Romero,37,Adult,Male,Pennsylvania,Yes,Debit Card,Bi-Weekly
1264,Diane Evans,53,Middle-aged,Female,Illinois,Yes,Cash,Annually
1265,Yvonne Burns,36,Adult,Male,California,No,Cash,Annually
1266,Joshua Reed,43,Middle-aged,Female,Texas,No,Cash,Quarterly
1267,Kimberly Gibson,20,Young Adult,Female,California,No,PayPal,Annually
1268,Colin Terry,36,Adult,Male,Texas,No,Venmo,Weekly
1269,Cynthia Rowe,37,Adult,Male,Ohio,No,Cash,Weekly
1270,Patrick Thornton,49,Middle-aged,Female,Georgia,Yes,Credit Card,Monthly
1271,Jasmin Alvarado,24,Young Adult,Male,North Carolina,No,Cash,Quarterly
1272,Veronica Simpson,69,Senior,Female,North Carolina,Yes,Venmo,Bi-Weekly
1273,Jonathan Lawrence,58,Senior,Male,North Carolina,No,Bank Transfer,Annually
1274,Shelly Alexander,50,Middle-aged,Male,Ohio,No,Bank Transfer,Annually
1275,Joyce Bowen,57,Senior,Male,California,Yes,Debit Card,Bi-Weekly
1276,Matthew Moore,56,Senior,Male,New York,Yes,Debit Card,Weekly
1277,Wayne Morgan,35,Adult,Female,California,Yes,Cash,Monthly
1278,Marie Christian,57,Senior,Female,Pennsylvania,No,Credit Card,Quarterly
1279,Shannon James,18,Young Adult,Male,North Carolina,Yes,Credit Card,Weekly
1280,Nathan Malone,28,Adult,Female,California,No,PayPal,Quarterly
1281,Amanda Jones,45,Middle-aged,Female,Michigan,No,Credit Card,Monthly
1282,Tammie Bright,42,Middle-aged,Female,Michigan,Yes,PayPal,Annually
1283,Jessica Garcia,67,Senior,Female,Pennsylvania,No,PayPal,Monthly
1284,Shelia Wallace,40,Adult,Female,Ohio,Yes,Credit Card,Weekly
1285,Stephanie Williams,48,Middle-aged,Female,New York,No,Credit Card,Annually
1286,Elaine Brooks,47,Middle-aged,Male,Illinois,No,PayPal,Monthly
1287,Joseph Knight,59,Senior,Female,Ohio,No,Debit Card,Annually
1288,Carolyn Miller,52,Middle-aged,Male,Ohio,Yes,Cash,Annually
1289,Lisa Allen,24,Young Adult,Female,California,No,Debit Card,Quarterly
1290,Briana Murray,33,Adult,Male,North Carolina,Yes,Bank Transfer,Quarterly
1291,David Smith,43,Middle-aged,Female,Florida,Yes,Credit Card,Weekly
1292,Stephanie Byrd,65,Senior,Female,Michigan,No,Venmo,Monthly
1293,Jeremy Reed,69,Senior,Female,North Carolina,No,Credit Card,Bi-Weekly
1294,Margaret Coleman,66,Senior,Male,Texas,Yes,PayPal,Monthly
1295,Ryan Gonzalez,19,Young Adult,Female,Ohio,No,Venmo,Annually
1296,John Young,18,Young Adult,Male,Texas,No,Venmo,Weekly
1297,Laura Haney,65,Senior,Male,Texas,No,Cash,Weekly
1298,William Barrett,29,Adult,Female,Illinois,Yes,Bank Transfer,Bi-Weekly
1299,Keith Jennings,22,Young Adult,Female,Illinois,Yes,Credit Card,Annually
1300,Amber Obrien,54,Middle-aged,Female,Illinois,No,Cash,Annually
1301,Tanner Mitchell DDS,49,Middle-aged,Male,Georgia,No,Bank Transfer,Weekly
1302,Heather Fields,26,Adult,Male,Texas,Yes,Debit Card,Weekly
1303,Megan Le,58,Senior,Female,California,No,Venmo,Bi-Weekly
1304,Sara Fuller,52,Middle-aged,Female,Texas,No,Cash,Bi-Weekly
1305,Maria Parker,36,Adult,Female,Ohio,Yes,Debit Card,Quarterly
1306,Kevin Oconnor,65,Senior,Male,Illinois,Yes,Credit Card,Weekly
1307,Edward Burgess,33,Adult,Male,Ohio,Yes,Credit Card,Bi-Weekly
1308,Carlos Ryan,20,Young Adult,Female,Illinois,No,PayPal,Annually
1309,Kiara Mcintyre,37,Adult,Female,Georgia,No,Debit Card,Quarterly
1310,Dawn Summers,41,Middle-aged,Male,California,No,Debit Card,Weekly
1311,Dr. Paul Morgan,50,Middle-aged,Female,Pennsylvania,No,Cash,Bi-Weekly
1312,Victor Taylor,41,Middle-aged,Female,Illinois,Yes,Bank Transfer,Weekly
1313,Shannon Ramsey,69,Senior,Male,Florida,Yes,Venmo,Quarterly
1314,Tracy Ballard,28,Adult,Male,Georgia,Yes,Bank Transfer,Monthly
1315,Richard Smith,66,Senior,Female,Michigan,No,Bank Transfer,Weekly
1316,Jordan Chambers,25,Young Adult,Female,Michigan,No,Venmo,Weekly
1317,Lauren Carson,53,Middle-aged,Male,Florida,No,PayPal,Weekly
1318,Ashley Hall,55,Middle-aged,Male,Georgia,No,Bank Transfer,Weekly
1319,Stephen Hoffman,57,Senior,Male,California,Yes,PayPal,Bi-Weekly
1320,Connie Brown,37,Adult,Male,Texas,No,PayPal,Monthly
1321,Susan Turner,52,Middle-aged,Male,Illinois,No,Debit Card,Annually
1322,Charles Shah,65,Senior,Female,New York,No,Credit Card,Weekly
1323,Johnathan Davis,42,Middle-aged,Male,Ohio,No,Credit Card,Annually
1324,Brandy Chavez,52,Middle-aged,Male,Pennsylvania,No,Cash,Bi-Weekly
1325,Natalie Bautista,42,Middle-aged,Female,Michigan,Yes,Venmo,Monthly
1326,Patrick Moore,46,Middle-aged,Male,Ohio,No,Venmo,Quarterly
1327,Brett Burns,35,Adult,Female,Pennsylvania,Yes,Cash,Quarterly
1328,Trevor Johnson,63,Senior,Male,Georgia,No,Debit Card,Quarterly
1329,Jeremy Sampson,35,Adult,Male,Pennsylvania,No,Credit Card,Quarterly
1330,Ariana Jennings,19,Young Adult,Male,Ohio,No,PayPal,Quarterly
1331,Vanessa Howard,52,Middle-aged,Male,Michigan,No,Credit Card,Monthly
1332,Colton Martinez,33,Adult,Female,Texas,Yes,Cash,Weekly
1333,Jordan Bates,58,Senior,Male,Illinois,No,Credit Card,Quarterly
1334,Linda Smith,53,Middle-aged,Female,Pennsylvania,Yes,PayPal,Weekly
1335,Dana Martinez,50,Middle-aged,Female,Michigan,No,Bank Transfer,Annually
1336,Andrea Hubbard,21,Young Adult,Male,Florida,No,Bank Transfer,Weekly
1337,Daniel Kane,50,Middle-aged,Female,Georgia,Yes,Venmo,Annually
1338,Charles Lester,31,Adult,Female,Pennsylvania,No,Cash,Weekly
1339,Scott Thomas,38,Adult,Female,Texas,Yes,Debit Card,Annually
1340,David Thompson,65,Senior,Male,Ohio,Yes,Credit Card,Weekly
1341,Allison Smith,37,Adult,Male,Pennsylvania,No,Credit Card,Weekly
1342,Cynthia Morris,25,Young Adult,Female,Illinois,Yes,Debit Card,Monthly
1343,Anthony Harmon,24,Young Adult,Female,Georgia,Yes,Debit Card,Annually
1344,Nichole Alvarez,20,Young Adult,Male,Michigan,Yes,Bank Transfer,Weekly
1345,Kayla Rodriguez,34,Adult,Female,Florida,Yes,PayPal,Monthly
1346,Theresa Williams,50,Middle-aged,Female,Pennsylvania,No,Credit Card,Monthly
1347,Sharon Boyd,65,Senior,Female,Ohio,No,Cash,Annually
1348,Victor Brown,29,Adult,Female,Illinois,Yes,Credit Card,Weekly
1349,James Parks,68,Senior,Female,Ohio,No,PayPal,Monthly
1350,Theodore Jones Jr.,39,Adult,Female,Pennsylvania,Yes,Cash,Quarterly
1351,Ana Hill,39,Adult,Male,California,No,Cash,Quarterly
1352,Kimberly Nguyen,63,Senior,Male,Michigan,No,Cash,Quarterly
1353,Kerry Chavez DDS,47,Middle-aged,Male,Florida,No,Bank Transfer,Weekly
1354,Michael Farrell,55,Middle-aged,Female,Michigan,Yes,PayPal,Quarterly
1355,Patricia Le,55,Middle-aged,Male,North Carolina,No,Credit Card,Bi-Weekly
1356,Jesse Perez,62,Senior,Female,Texas,Yes,Bank Transfer,Annually
1357,Jesse Perry,68,Senior,Female,North Carolina,No,Venmo,Bi-Weekly
1358,Jeffery Ortega,25,Young Adult,Male,New York,Yes,Cash,Bi-Weekly
1359,Christian Leblanc,44,Middle-aged,Male,Georgia,Yes,Debit Card,Quarterly
1360,Ronald Davis,44,Middle-aged,Female,Florida,Yes,PayPal,Annually
1361,Parker Cain,51,Middle-aged,Male,Georgia,No,Cash,Monthly
1362,Laurie Hoffman,38,Adult,Male,Illinois,Yes,PayPal,Bi-Weekly
1363,Bryan Gomez,47,Middle-aged,Female,California,No,Debit Card,Monthly
1364,Nicole Parrish,50,Middle-aged,Female,Ohio,No,Cash,Monthly
1365,Tracy Burke,45,Middle-aged,Male,Georgia,Yes,Credit Card,Weekly
1366,Kenneth Lewis,64,Senior,Female,Texas,No,PayPal,Annually
1367,Courtney Rodriguez,50,Middle-aged,Male,Illinois,Yes,Cash,Annually
1368,Holly Farmer,22,Young Adult,Male,Florida,No,Cash,Bi-Weekly
1369,Renee Bruce,65,Senior,Female,Illinois,Yes,PayPal,Weekly
1370,Sabrina Austin,36,Adult,Female,Texas,No,Debit Card,Weekly
1371,Allison Hickman,21,Young Adult,Male,Ohio,No,PayPal,Weekly
1372,Debra White,52,Middle-aged,Female,Ohio,No,Venmo,Annually
1373,Ellen Morgan,66,Senior,Male,California,No,Credit Card,Annually
1374,Sergio Knight,34,Adult,Female,Georgia,No,Debit Card,Quarterly
1375,Charles Schultz,61,Senior,Female,Michigan,No,Bank Transfer,Annually
1376,Paul Lewis,45,Middle-aged,Male,Georgia,Yes,Bank Transfer,Annually
1377,Glen Wood,47,Middle-aged,Female,Michigan,No,Credit Card,Weekly
1378,Paula Bradley,46,Middle-aged,Male,Ohio,Yes,Credit Card,Monthly
1379,Anthony Moore,63,Senior,Female,North Carolina,Yes,Bank Transfer,Bi-Weekly
1380,Megan Nelson,23,Young Adult,Male,North Carolina,No,PayPal,Monthly
1381,Karla Ramos,52,Middle-aged,Male,Ohio,No,Venmo,Bi-Weekly
1382,Paul Wilson,58,Senior,Female,North Carolina,Yes,Cash,Quarterly
1383,Douglas Gregory,54,Middle-aged,Male,New York,Yes,Venmo,Annually
1384,Mr. Andrew Foster,41,Middle-aged,Female,Pennsylvania,Yes,Debit Card,Bi-Weekly
1385,Aimee Turner,46,Middle-aged,Male,North Carolina,No,Venmo,Bi-Weekly
1386,Chad Scott,66,Senior,Male,Michigan,Yes,Credit Card,Bi-Weekly
1387,Adam Burgess,63,Senior,Male,California,Yes,Cash,Bi-Weekly
1388,James Padilla,48,Middle-aged,Female,California,No,Venmo,Annually
1389,Sandra Drake,52,Middle-aged,Female,Florida,No,Cash,Monthly
1390,Scott Williams,50,Middle-aged,Male,Pennsylvania,No,Venmo,Bi-Weekly
1391,Thomas Atkins,69,Senior,Female,Texas,No,Bank Transfer,Weekly
1392,Laura Mckinney,38,Adult,Female,Michigan,No,Cash,Bi-Weekly
1393,Brian Smith,49,Middle-aged,Male,New York,Yes,Venmo,Annually
1394,Robert Montgomery,40,Adult,Male,Michigan,Yes,Debit Card,Weekly
1395,Tamara Davis,50,Middle-aged,Male,Ohio,Yes,Cash,Annually
1396,Dana Chapman,20,Young Adult,Female,Pennsylvania,Yes,PayPal,Quarterly
1397,Jennifer Collins,35,Adult,Male,Ohio,Yes,Credit Card,Annually
1398,Gary Jackson,42,Middle-aged,Male,California,Yes,Cash,Weekly
1399,Ashley Hicks,59,Senior,Female,New York,No,Bank Transfer,Monthly
1400,Hannah Luna,48,Middle-aged,Male,California,No,Credit Card,Weekly
1401,Robin Young,20,Young Adult,Female,Illinois,No,Venmo,Monthly
1402,Craig Morrison,57,Senior,Male,Florida,Yes,Venmo,Weekly
1403,Mary Thompson,63,Senior,Female,North Carolina,No,Venmo,Bi-Weekly
1404,Kathleen Webster,41,Middle-aged,Male,North Carolina,No,Venmo,Annually
1405,Joann Glass,67,Senior,Male,North Carolina,No,Bank Transfer,Quarterly
1406,Madison Weber,49,Middle-aged,Male,Michigan,Yes,Venmo,Monthly
1407,Lori Hernandez,64,Senior,Female,Michigan,Yes,Debit Card,Monthly
1408,Jeremy Turner,39,Adult,Female,Florida,Yes,Credit Card,Bi-Weekly
1409,Anthony Romero,40,Adult,Male,Georgia,No,Cash,Bi-Weekly
1410,Jesse Brown,19,Young Adult,Male,Pennsylvania,Yes,Debit Card,Weekly
1411,Angela Lin,44,Middle-aged,Female,Ohio,No,Debit Card,Monthly
1412,Lisa Hunter,59,Senior,Male,Georgia,No,Debit Card,Annually
1413,Julian Conner,19,Young Adult,Male,Michigan,No,Debit Card,Weekly
1414,Joanna Pacheco,43,Middle-aged,Male,North Carolina,Yes,Debit Card,Bi-Weekly
1415,Erica Alvarez,34,Adult,Female,Texas,Yes,Credit Card,Monthly
1416,Antonio Garcia,57,Senior,Female,Pennsylvania,Yes,Cash,Quarterly
1417,Gwendolyn Klein,50,Middle-aged,Male,New York,Yes,Credit Card,Quarterly
1418,Carrie Wright,26,Adult,Female,Georgia,Yes,Bank Transfer,Monthly
1419,Jeffrey Mills,60,Senior,Male,California,No,Cash,Annually
1420,Jake Campbell,65,Senior,Female,Illinois,Yes,Debit Card,Monthly
1421,George Harper,56,Senior,Male,Ohio,No,Bank Transfer,Annually
1422,Maria Jones,46,Middle-aged,Male,California,No,Debit Card,Bi-Weekly
1423,Michael Mitchell,59,Senior,Female,California,Yes,Venmo,Annually
1424,Mary Escobar,43,Middle-aged,Male,Texas,No,PayPal,Annually
1425,Felicia Aguilar,52,Middle-aged,Male,Pennsylvania,No,PayPal,Monthly
1426,Gregory Ponce,67,Senior,Female,Illinois,Yes,Bank Transfer,Monthly
1427,Jenna Larson,42,Middle-aged,Female,Pennsylvania,No,Credit Card,Quarterly
1428,Emily Bennett,41,Middle-aged,Male,Georgia,Yes,Credit Card,Bi-Weekly
1429,Robin Santiago,30,Adult,Female,Florida,No,Cash,Weekly
1430,Nancy Jennings,24,Young Adult,Female,North Carolina,No,Venmo,Monthly
1431,Maria Henderson,53,Middle-aged,Female,Georgia,Yes,Cash,Bi-Weekly
1432,Jack White,62,Senior,Male,Pennsylvania,No,Venmo,Bi-Weekly
1433,Travis Tucker,37,Adult,Female,Georgia,Yes,PayPal,Quarterly
1434,Chad Jones,18,Young Adult,Male,California,No,PayPal,Monthly
1435,Ashley Wise,25,Young Adult,Female,Georgia,Yes,Venmo,Monthly
1436,Sophia Johnson,63,Senior,Male,Georgia,Yes,Cash,Bi-Weekly
1437,Ralph Anderson,33,Adult,Male,Pennsylvania,Yes,Credit Card,Monthly
1438,Christopher Guerra,31,Adult,Female,California,No,Bank Transfer,Quarterly
1439,Rhonda Martin,29,Adult,Male,Illinois,Yes,Venmo,Quarterly
1440,Jason Rhodes,68,Senior,Male,New York,No,Venmo,Quarterly
1441,Jeremy Mitchell,40,Adult,Female,California,No,Venmo,Monthly
1442,Joann Ferguson,32,Adult,Female,New York,No,Cash,Monthly
1443,Robert Harrison,45,Middle-aged,Male,Pennsylvania,Yes,Credit Card,Quarterly
1444,Holly Valentine,51,Middle-aged,Female,California,No,Cash,Annually
1445,Mrs. Diane Reyes,19,Young Adult,Female,Texas,No,Debit Card,Weekly
1446,Tracy Montoya,49,Middle-aged,Male,Florida,No,Debit Card,Bi-Weekly
1447,Brenda Wright,40,Adult,Male,North Carolina,No,Venmo,Annually
1448,Shelly Spencer,39,Adult,Male,Texas,Yes,Venmo,Weekly
1449,Ryan Rosales,68,Senior,Female,North Carolina,No,Venmo,Monthly
1450,Phillip Nelson,42,Middle-aged,Male,Texas,Yes,Credit Card,Bi-Weekly
1451,Brittany Kim,39,Adult,Female,Pennsylvania,No,Credit Card,Annually
1452,Courtney Hayes,39,Adult,Male,North Carolina,No,Venmo,Bi-Weekly
1453,Alexander Brown,66,Senior,Male,Ohio,No,Credit Card,Monthly
1454,Cynthia Vang,69,Senior,Male,Georgia,Yes,PayPal,Weekly
1455,Alfred Galvan,59,Senior,Male,Florida,Yes,Venmo,Weekly
1456,Marie Moody,23,Young Adult,Female,Ohio,No,PayPal,Weekly
1457,Dustin Gallegos,32,Adult,Female,Texas,No,Cash,Annually
1458,Brenda Thornton,60,Senior,Female,Texas,No,PayPal,Weekly
1459,Aaron Miller,54,Middle-aged,Female,Ohio,No,Cash,Annually
1460,Ruben Dunn,50,Middle-aged,Female,Ohio,Yes,Bank Transfer,Annually
1461,Kelsey Rodriguez,25,Young Adult,Male,New York,Yes,Cash,Quarterly
1462,Eric Williams,61,Senior,Male,Michigan,Yes,Venmo,Annually
1463,Riley Bryant,61,Senior,Female,Florida,Yes,Venmo,Bi-Weekly
1464,Taylor Carlson,22,Young Adult,Female,Georgia,Yes,Cash,Weekly
1465,Jose Allen,56,Senior,Male,Michigan,No,Credit Card,Annually
1466,Jeffrey Mendez,21,Young Adult,Female,Ohio,Yes,Debit Card,Monthly
1467,Jason Beck,23,Young Adult,Female,Ohio,Yes,PayPal,Annually
1468,William Jones,62,Senior,Male,New York,No,Cash,Annually
1469,Katie Mcneil,49,Middle-aged,Female,Florida,No,Debit Card,Quarterly
1470,Jeanette Harrison,69,Senior,Female,Florida,Yes,Venmo,Bi-Weekly
1471,Veronica King,47,Middle-aged,Female,Illinois,No,Venmo,Monthly
1472,Richard Cooper,64,Senior,Female,California,No,Bank Transfer,Quarterly
1473,Lori Ingram,52,Middle-aged,Female,Michigan,No,Bank Transfer,Bi-Weekly
1474,Evelyn Williams,57,Senior,Female,California,Yes,Cash,Annually
1475,Robin Thompson,69,Senior,Male,North Carolina,No,Credit Card,Monthly
1476,Julie Dominguez,33,Adult,Female,Texas,No,Cash,Bi-Weekly
1477,Robin Brown,30,Adult,Female,Pennsylvania,Yes,PayPal,Quarterly
1478,Judith Carter,67,Senior,Female,Pennsylvania,No,Bank Transfer,Annually
1479,Curtis Williams,59,Senior,Female,Florida,No,Debit Card,Annually
1480,Kaylee Hays,47,Middle-aged,Male,Georgia,No,Credit Card,Weekly
1481,Dawn Mullins,36,Adult,Female,California,Yes,Bank Transfer,Quarterly
1482,Howard Norman,34,Adult,Male,Illinois,Yes,Cash,Monthly
1483,Evelyn Martinez,36,Adult,Female,Georgia,Yes,PayPal,Annually
1484,Steve Paul,45,Middle-aged,Male,North Carolina,No,PayPal,Weekly
1485,Jasmine Beltran,43,Middle-aged,Female,Pennsylvania,No,Credit Card,Bi-Weekly
1486,Jonathan Glass MD,54,Middle-aged,Female,Michigan,No,PayPal,Annually
1487,Monica Miller,43,Middle-aged,Male,Ohio,Yes,PayPal,Bi-Weekly
1488,Samantha Gardner,40,Adult,Male,Michigan,No,PayPal,Annually
1489,Bobby Guerrero,26,Adult,Female,Ohio,Yes,PayPal,Bi-Weekly
1490,Lance Simmons,29,Adult,Female,Michigan,No,Cash,Quarterly
1491,Heather Williams,18,Young Adult,Female,California,Yes,Bank Transfer,Bi-Weekly
1492,Heather Bolton,18,Young Adult,Female,Pennsylvania,Yes,Bank Transfer,Bi-Weekly
1493,William Gould,64,Senior,Female,Pennsylvania,No,Credit Card,Annually
1494,Mark Cox,51,Middle-aged,Male,Georgia,Yes,Debit Card,Annually
1495,Meghan Cisneros,49,Middle-aged,Female,Michigan,Yes,Debit Card,Bi-Weekly
1496,Lawrence Harrington,65,Senior,Female,Texas,No,PayPal,Quarterly
1497,Austin Osborne,42,Middle-aged,Female,Illinois,Yes,Bank Transfer,Monthly
1498,James Bradley,57,Senior,Male,Michigan,Yes,Cash,Weekly
1499,Meghan Rush,62,Senior,Female,Michigan,No,PayPal,Bi-Weekly
1500,Phillip Berry,18,Young Adult,Female,California,Yes,PayPal,Quarterly
1501,Jennifer Banks,33,Adult,Female,Texas,No,Bank Transfer,Bi-Weekly
1502,Brian Fitzgerald,56,Senior,Male,Pennsylvania,Yes,Cash,Weekly
1503,Mr. Justin Green III,22,Young Adult,Male,California,No,Venmo,Monthly
1504,Zachary Mitchell,39,Adult,Female,Florida,Yes,Bank Transfer,Monthly
1505,Katherine Martinez,46,Middle-aged,Female,Illinois,Yes,Credit Card,Bi-Weekly
1506,Jodi Roach,20,Young Adult,Male,California,No,Debit Card,Weekly
1507,Brandon Fleming,29,Adult,Male,Texas,Yes,Cash,Bi-Weekly
1508,Emma Reed,43,Middle-aged,Male,Pennsylvania,Yes,Debit Card,Annually
1509,Joshua Vance,33,Adult,Female,Texas,Yes,Cash,Monthly
1510,Michelle Ho,68,Senior,Male,North Carolina,No,Bank Transfer,Quarterly
1511,Rebecca Hicks,54,Middle-aged,Male,Ohio,Yes,Cash,Quarterly
1512,Curtis Taylor,39,Adult,Male,Ohio,Yes,Venmo,Quarterly
1513,Allison Spencer,46,Middle-aged,Male,Michigan,No,PayPal,Weekly
1514,Robert Arnold,31,Adult,Female,Texas,Yes,Credit Card,Weekly
1515,Angelica Parker,45,Middle-aged,Female,Michigan,No,Venmo,Monthly
1516,Dr. Kelly Hammond DVM,22,Young Adult,Female,Ohio,No,Debit Card,Weekly
1517,William Day,64,Senior,Male,Ohio,Yes,Credit Card,Annually
1518,Michael Cooper,66,Senior,Male,Texas,Yes,PayPal,Monthly
1519,Penny Bowman,47,Middle-aged,Female,Georgia,Yes,Bank Transfer,Monthly
1520,Vincent Reynolds,63,Senior,Female,North Carolina,No,Venmo,Annually
1521,Amy Martinez,69,Senior,Female,Texas,No,Cash,Annually
1522,Christopher Morris,22,Young Adult,Female,North Carolina,Yes,Debit Card,Annually
1523,Hannah Everett,29,Adult,Male,Texas,No,Venmo,Bi-Weekly
1524,Sarah King,33,Adult,Male,Georgia,No,Venmo,Quarterly
1525,Krista Martinez,43,Middle-aged,Female,Illinois,No,Credit Card,Quarterly
1526,Joseph Shaw,43,Middle-aged,Female,Texas,No,Debit Card,Monthly
1527,Todd Moore,65,Senior,Female,Texas,No,Debit Card,Annually
1528,Michelle Jacobs,38,Adult,Female,Pennsylvania,Yes,Debit Card,Weekly
1529,Kristy Bryan,56,Senior,Male,Georgia,Yes,Credit Card,Annually
1530,Angel May,53,Middle-aged,Male,Michigan,Yes,Debit Card,Monthly
1531,Marilyn Wang,50,Middle-aged,Male,New York,Yes,Credit Card,Quarterly
1532,Mark Jimenez,47,Middle-aged,Male,Pennsylvania,No,Cash,Bi-Weekly
1533,Donna Frye,54,Middle-aged,Female,New York,No,Credit Card,Annually
1534,Dr. Michael Evans,40,Adult,Female,Georgia,Yes,PayPal,Quarterly
1535,Anthony Gonzales,27,Adult,Male,Texas,No,Bank Transfer,Monthly
1536,Mr. Lawrence Edwards,22,Young Adult,Female,Florida,No,Debit Card,Monthly
1537,Morgan Valencia,53,Middle-aged,Female,Ohio,Yes,PayPal,Quarterly
1538,Bianca Wood,51,Middle-aged,Female,North Carolina,No,PayPal,Quarterly
1539,Emma Owens,69,Senior,Male,North Carolina,No,Cash,Annually
1540,David Davis,48,Middle-aged,Female,Georgia,Yes,Venmo,Weekly
1541,James Gilbert,27,Adult,Female,Ohio,No,Cash,Annually
1542,Sean Moore,36,Adult,Male,Georgia,No,Bank Transfer,Bi-Weekly
1543,Kenneth Edwards,49,Middle-aged,Male,Ohio,Yes,Credit Card,Quarterly
1544,Kathleen Robertson,18,Young Adult,Male,Georgia,Yes,Bank Transfer,Bi-Weekly
1545,Mr. Alexander Landry MD,22,Young Adult,Male,Georgia,Yes,Credit Card,Bi-Weekly
1546,Cindy Gomez,62,Senior,Female,Texas,No,Debit Card,Weekly
1547,Johnny Khan,21,Young Adult,Male,California,No,PayPal,Annually
1548,Julie Herrera,33,Adult,Female,Michigan,Yes,Cash,Monthly
1549,Jessica Khan,41,Middle-aged,Male,New York,No,Venmo,Bi-Weekly
1550,Pamela Diaz,33,Adult,Female,Florida,Yes,Cash,Bi-Weekly
1551,Kelly Lee,19,Young Adult,Female,Illinois,No,Debit Card,Bi-Weekly
1552,Angel Gordon,66,Senior,Male,New York,No,Cash,Bi-Weekly
1553,Diana Hays,45,Middle-aged,Female,Illinois,Yes,Venmo,Monthly
1554,Barbara Hester,49,Middle-aged,Female,Florida,No,Venmo,Annually
1555,Robert Morgan,44,Middle-aged,Male,North Carolina,No,PayPal,Weekly
1556,Nicole Gonzalez,37,Adult,Male,Illinois,No,PayPal,Bi-Weekly
1557,Kathryn Williams,41,Middle-aged,Female,Texas,Yes,Debit Card,Quarterly
1558,Gary Wells,29,Adult,Male,Georgia,No,PayPal,Monthly
1559,Larry Robertson,67,Senior,Male,Michigan,No,Bank Transfer,Weekly
1560,Louis Martin,52,Middle-aged,Male,Georgia,Yes,Bank Transfer,Quarterly
1561,Nancy Evans MD,50,Middle-aged,Male,North Carolina,No,Credit Card,Quarterly
1562,Kim Erickson,50,Middle-aged,Male,North Carolina,No,PayPal,Quarterly
1563,Robert Richardson,68,Senior,Female,California,No,Credit Card,Bi-Weekly
1564,Veronica Silva,60,Senior,Male,Michigan,Yes,Cash,Annually
1565,Molly Watts,54,Middle-aged,Female,California,No,Credit Card,Bi-Weekly
1566,John Coffey,29,Adult,Female,Illinois,No,Debit Card,Quarterly
1567,Paula Lane,20,Young Adult,Female,North Carolina,Yes,Venmo,Weekly
1568,Lauren Jackson,18,Young Adult,Male,Pennsylvania,No,Debit Card,Bi-Weekly
1569,Lisa Randall,50,Middle-aged,Male,North Carolina,No,Debit Card,Weekly
1570,Michael Johnson,57,Senior,Male,New York,No,Bank Transfer,Bi-Weekly
1571,Ashley Smith,27,Adult,Female,Georgia,No,Debit Card,Annually
1572,Christian Vaughn,60,Senior,Female,North Carolina,No,Bank Transfer,Annually
1573,Reginald Knapp,61,Senior,Female,Florida,No,Debit Card,Bi-Weekly
1574,Nancy Brown,46,Middle-aged,Female,Ohio,No,PayPal,Bi-Weekly
1575,Daniel Nguyen,30,Adult,Female,California,Yes,Bank Transfer,Annually
1576,Kelly Edwards,29,Adult,Male,Florida,No,Cash,Weekly
1577,Thomas Peterson,48,Middle-aged,Male,Illinois,No,Venmo,Annually
1578,Raymond Le,63,Senior,Female,New York,No,Credit Card,Bi-Weekly
1579,Melissa Bishop,19,Young Adult,Male,Georgia,No,Bank Transfer,Weekly
1580,David Grant,68,Senior,Female,Illinois,No,Credit Card,Bi-Weekly
1581,William Evans,67,Senior,Female,Pennsylvania,Yes,Cash,Monthly
1582,Daniel Bush,52,Middle-aged,Female,California,No,Debit Card,Bi-Weekly
1583,Gregory Peck,40,Adult,Male,Georgia,No,Bank Transfer,Annually
1584,Denise Martinez,34,Adult,Male,California,Yes,Debit Card,Quarterly
1585,Jamie Baird,43,Middle-aged,Male,Florida,No,Venmo,Annually
1586,Tina Ballard,25,Young Adult,Female,Florida,Yes,Credit Card,Annually
1587,Dwayne Klein,46,Middle-aged,Male,Michigan,No,Debit Card,Weekly
1588,Jeremy Scott,43,Middle-aged,Male,Pennsylvania,No,PayPal,Monthly
1589,Dale Ryan,27,Adult,Male,Michigan,Yes,Venmo,Weekly
1590,Melissa Taylor,43,Middle-aged,Female,Ohio,Yes,PayPal,Bi-Weekly
1591,Laurie Sanchez,51,Middle-aged,Male,Texas,No,Bank Transfer,Quarterly
1592,Kiara Little,68,Senior,Male,Michigan,Yes,Bank Transfer,Annually
1593,Jason Love,58,Senior,Female,Texas,Yes,Bank Transfer,Quarterly
1594,Randy Smith,24,Young Adult,Male,Florida,No,PayPal,Quarterly
1595,Tanya Russell,21,Young Adult,Female,Florida,Yes,Cash,Bi-Weekly
1596,Sherry Woods,67,Senior,Female,New York,No,Cash,Bi-Weekly
1597,Victor Morris,62,Senior,Male,Michigan,No,PayPal,Quarterly
1598,Susan Davis,28,Adult,Female,Pennsylvania,Yes,Cash,Annually
1599,Kimberly Sharp,46,Middle-aged,Male,North Carolina,Yes,PayPal,Bi-Weekly
1600,Susan Thompson,53,Middle-aged,Female,Illinois,No,Debit Card,Annually
1601,Casey Gillespie,42,Middle-aged,Male,Michigan,Yes,Cash,Bi-Weekly
1602,Jennifer Simpson DVM,38,Adult,Female,North Carolina,No,PayPal,Annually
1603,Tammy Mcdowell,53,Middle-aged,Male,Texas,No,Bank Transfer,Annually
1604,Keith Rodriguez,27,Adult,Male,Pennsylvania,No,Venmo,Monthly
1605,Mrs. Virginia Daniels,54,Middle-aged,Male,Illinois,No,Venmo,Bi-Weekly
1606,Todd Rosales MD,26,Adult,Male,Illinois,No,Cash,Monthly
1607,Brian Martin,41,Middle-aged,Female,Michigan,Yes,Venmo,Quarterly
1608,David Lopez,52,Middle-aged,Male,Illinois,No,Credit Card,Annually
1609,Rachel Bradley,66,Senior,Male,North Carolina,Yes,Credit Card,Annually
1610,Casey Chase,52,Middle-aged,Male,California,Yes,Venmo,Weekly
1611,Samantha Robertson,65,Senior,Male,Texas,No,Bank Transfer,Bi-Weekly
1612,Michael Lopez,53,Middle-aged,Female,Ohio,Yes,PayPal,Quarterly
1613,Franklin Wright,35,Adult,Male,New York,Yes,Venmo,Quarterly
1614,David Molina,66,Senior,Female,Illinois,No,Bank Transfer,Bi-Weekly
1615,Elizabeth Sharp,56,Senior,Male,Texas,No,Venmo,Weekly
1616,Matthew Schwartz,49,Middle-aged,Female,Texas,No,Venmo,Weekly
1617,Bryan Parker,41,Middle-aged,Female,Florida,No,PayPal,Bi-Weekly
1618,Jonathan Jacobson,40,Adult,Female,Texas,Yes,PayPal,Annually
1619,Emily Wilson,49,Middle-aged,Female,Pennsylvania,No,Bank Transfer,Annually
1620,Elizabeth Mendez,54,Middle-aged,Male,Florida,Yes,Credit Card,Quarterly
1621,Casey Hernandez,29,Adult,Female,Ohio,Yes,Cash,Bi-Weekly
1622,Lisa Perry,66,Senior,Female,Georgia,Yes,Credit Card,Annually
1623,Kaitlin Medina,30,Adult,Female,Texas,Yes,PayPal,Weekly
1624,Colleen Wright,40,Adult,Male,Michigan,Yes,PayPal,Bi-Weekly
1625,Shelley Miller,42,Middle-aged,Male,Illinois,Yes,Bank Transfer,Quarterly
1626,Michael Miller,52,Middle-aged,Male,Ohio,No,PayPal,Annually
1627,Amy Kelley,58,Senior,Female,Ohio,Yes,PayPal,Annually
1628,Laura Hernandez,47,Middle-aged,Female,Georgia,Yes,PayPal,Weekly
1629,Joseph Wilson,34,Adult,Female,California,Yes,Bank Transfer,Annually
1630,Kevin Davis,66,Senior,Female,California,No,Bank Transfer,Annually
1631,Rhonda Chavez,37,Adult,Male,Ohio,No,Bank Transfer,Weekly
1632,Joyce Brown,65,Senior,Female,North Carolina,No,PayPal,Weekly
1633,Robert Cummings,42,Middle-aged,Male,Illinois,Yes,Debit Card,Quarterly
1634,Robert Reese,39,Adult,Female,Pennsylvania,Yes,Debit Card,Bi-Weekly
1635,Amber Cooper,30,Adult,Female,Georgia,Yes,Venmo,Annually
1636,Zachary Michael,36,Adult,Female,Georgia,Yes,Debit Card,Annually
1637,Timothy Johnson,66,Senior,Female,Pennsylvania,Yes,Credit Card,Weekly
1638,Randy Cannon,53,Middle-aged,Male,Michigan,Yes,Venmo,Quarterly
1639,Maria Fisher,29,Adult,Female,New York,Yes,Cash,Annually
1640,Janet Kane DVM,58,Senior,Male,California,Yes,Bank Transfer,Quarterly
1641,Michael Stanley,36,Adult,Female,Georgia,No,PayPal,Monthly
1642,Martha Bailey,29,Adult,Male,Pennsylvania,Yes,Bank Transfer,Weekly
1643,Joshua Rice,26,Adult,Female,California,No,Debit Card,Annually
1644,Courtney Smith,24,Young Adult,Male,North Carolina,Yes,Bank Transfer,Quarterly
1645,Edwin Nunez,45,Middle-aged,Female,Ohio,No,Credit Card,Bi-Weekly
1646,Kim Morrow,31,Adult,Female,Florida,Yes,Bank Transfer,Quarterly
1647,Gregory Hill,48,Middle-aged,Male,Ohio,No,Cash,Quarterly
1648,Molly Rodriguez,69,Senior,Male,Florida,No,PayPal,Monthly
1649,Jennifer Miranda,36,Adult,Male,Georgia,Yes,PayPal,Annually
1650,Alexis Harris,64,Senior,Male,Illinois,No,Cash,Annually
1651,Andrew Harper,33,Adult,Female,Pennsylvania,Yes,Cash,Weekly
1652,Amber Yang,22,Young Adult,Female,Illinois,Yes,Cash,Quarterly
1653,David Robinson,52,Middle-aged,Female,Pennsylvania,No,Bank Transfer,Bi-Weekly
1654,Amy Gordon,29,Adult,Male,North Carolina,Yes,Credit Card,Monthly
1655,Robert Dennis,42,Middle-aged,Male,Michigan,No,Venmo,Quarterly
1656,Kyle Chambers,69,Senior,Female,Texas,No,Bank Transfer,Bi-Weekly
1657,Eric Thomas,38,Adult,Female,Michigan,Yes,Venmo,Weekly
1658,Connie Turner,53,Middle-aged,Male,Georgia,No,Debit Card,Monthly
1659,Travis Hobbs,40,Adult,Male,Pennsylvania,Yes,PayPal,Annually
1660,Lori Simmons,33,Adult,Female,New York,Yes,Bank Transfer,Annually
1661,William David DDS,56,Senior,Female,New York,No,Bank Transfer,Quarterly
1662,Emma Butler,62,Senior,Female,California,Yes,Debit Card,Monthly
1663,James Webster,59,Senior,Female,Georgia,No,Bank Transfer,Bi-Weekly
1664,Samuel Turner,56,Senior,Female,New York,Yes,Venmo,Weekly
1665,Renee Melendez,31,Adult,Male,California,No,Bank Transfer,Weekly
1666,Tracy Grant,48,Middle-aged,Male,Texas,No,Cash,Annually
1667,David Harris,22,Young Adult,Female,Georgia,No,Bank Transfer,Annually
1668,Tammy Boone,52,Middle-aged,Female,Georgia,Yes,PayPal,Weekly
1669,Nathaniel Lee,40,Adult,Male,New York,Yes,Venmo,Annually
1670,Michael Morrison,46,Middle-aged,Male,Ohio,No,PayPal,Weekly
1671,Chelsea Gill,60,Senior,Female,Florida,No,Debit Card,Quarterly
1672,Kristin Mendoza,28,Adult,Male,Texas,No,Bank Transfer,Bi-Weekly
1673,Felicia Krueger,35,Adult,Male,Illinois,No,Venmo,Monthly
1674,Timothy Hayden,64,Senior,Female,Texas,Yes,Debit Card,Quarterly
1675,Zachary Mendoza,29,Adult,Female,Illinois,No,PayPal,Monthly
1676,Larry Harris,26,Adult,Female,California,No,Credit Card,Weekly
1677,Kristen Rowe,27,Adult,Female,Pennsylvania,No,Cash,Bi-Weekly
1678,Joseph Howard,61,Senior,Male,Illinois,No,Debit Card,Quarterly
1679,Jose Crawford,34,Adult,Male,California,Yes,Bank Transfer,Annually
1680,William Harrison,55,Middle-aged,Female,Pennsylvania,Yes,PayPal,Monthly
1681,Suzanne Wood,24,Young Adult,Male,Texas,No,Bank Transfer,Monthly
1682,Justin Walker,63,Senior,Female,New York,Yes,Venmo,Annually
1683,Dean Donovan,30,Adult,Female,Ohio,Yes,Debit Card,Quarterly
1684,Jennifer Hernandez,57,Senior,Female,Illinois,Yes,Bank Transfer,Annually
1685,James Whitaker,59,Senior,Female,Florida,Yes,PayPal,Monthly
1686,Mr. Michael Scott PhD,26,Adult,Male,Ohio,Yes,Bank Transfer,Annually
1687,Maria Henry,67,Senior,Female,California,No,Credit Card,Monthly
1688,Robert Jackson,44,Middle-aged,Male,California,Yes,Debit Card,Quarterly
1689,Katherine Stark,19,Young Adult,Male,New York,Yes,PayPal,Bi-Weekly
1690,Maria Brown,22,Young Adult,Female,Florida,No,Debit Card,Quarterly
1691,Ryan Landry,46,Middle-aged,Female,Georgia,No,Bank Transfer,Annually
1692,Pamela Gutierrez,54,Middle-aged,Male,California,No,PayPal,Annually
1693,Crystal Mann,55,Middle-aged,Female,Texas,No,Cash,Quarterly
1694,Jonathan Brooks,36,Adult,Female,Michigan,No,PayPal,Bi-Weekly
1695,Mary Jensen,25,Young Adult,Female,Florida,No,PayPal,Monthly
1696,Mr. Aaron Arnold,65,Senior,Male,North Carolina,No,PayPal,Annually
1697,Joseph Hill,62,Senior,Male,Georgia,No,Venmo,Annually
1698,Alicia Li,18,Young Adult,Male,New York,No,PayPal,Quarterly
1699,Renee Browning,39,Adult,Female,New York,Yes,Cash,Monthly
1700,Brent Hernandez,69,Senior,Female,Pennsylvania,No,Credit Card,Monthly
1701,Joseph Ochoa,34,Adult,Female,California,No,Cash,Annually
1702,James Watson,24,Young Adult,Female,Ohio,No,Credit Card,Monthly
1703,Karl Branch,42,Middle-aged,Male,Texas,No,Bank Transfer,Quarterly
1704,Michael Abbott,62,Senior,Male,Georgia,Yes,Venmo,Bi-Weekly
1705,Shannon Malone,21,Young Adult,Female,California,Yes,Venmo,Weekly
1706,James Tran,53,Middle-aged,Male,Florida,Yes,Venmo,Bi-Weekly
1707,Adam Jackson,23,Young Adult,Male,Ohio,No,Credit Card,Quarterly
1708,Mr. Richard Knight PhD,48,Middle-aged,Male,California,No,Cash,Bi-Weekly
1709,Joseph Williams,36,Adult,Male,California,Yes,Debit Card,Weekly
1710,Sean Clay,61,Senior,Female,California,Yes,Venmo,Bi-Weekly
1711,Anthony Jones,56,Senior,Female,Pennsylvania,No,Credit Card,Annually
1712,Stephanie Elliott,44,Middle-aged,Female,Pennsylvania,No,Bank Transfer,Quarterly
1713,Timothy Edwards,27,Adult,Male,Illinois,No,Cash,Monthly
1714,Laurie Goodwin,43,Middle-aged,Male,Texas,Yes,Venmo,Annually
1715,Jennifer Jones,36,Adult,Female,Ohio,Yes,PayPal,Annually
1716,David Davenport,56,Senior,Female,Texas,Yes,Cash,Weekly
1717,Steven Rivera,20,Young Adult,Male,Texas,Yes,Credit Card,Bi-Weekly
1718,Brenda Hinton,62,Senior,Female,California,No,Debit Card,Quarterly
1719,Kathryn Mccann,30,Adult,Female,North Carolina,Yes,Debit Card,Weekly
1720,Jeffrey Roberson,67,Senior,Female,Michigan,Yes,Debit Card,Weekly
1721,Randy Friedman,45,Middle-aged,Female,New York,Yes,PayPal,Bi-Weekly
1722,Raymond Johnson,37,Adult,Female,Michigan,No,Cash,Quarterly
1723,Willie Henry,45,Middle-aged,Female,Texas,No,Venmo,Annually
1724,Todd Reynolds,25,Young Adult,Male,Georgia,Yes,Cash,Quarterly
1725,Mary Miller,58,Senior,Female,Pennsylvania,No,Debit Card,Weekly
1726,Rebecca Marquez,56,Senior,Female,Florida,No,PayPal,Weekly
1727,Christian Dawson,18,Young Adult,Male,Texas,No,Bank Transfer,Monthly
1728,Nancy Stewart,20,Young Adult,Female,Ohio,Yes,Debit Card,Bi-Weekly
1729,Aaron Parker,30,Adult,Female,Michigan,Yes,Credit Card,Monthly
1730,Derrick Anderson,45,Middle-aged,Male,Georgia,No,Cash,Weekly
1731,Jerry Peters,66,Senior,Female,Florida,No,PayPal,Annually
1732,Alexander Gomez,42,Middle-aged,Female,California,No,Bank Transfer,Weekly
1733,Kyle Nguyen,50,Middle-aged,Male,California,No,Debit Card,Quarterly
1734,Edgar Hughes,55,Middle-aged,Male,Texas,Yes,PayPal,Quarterly
1735,Steven Stein,23,Young Adult,Female,California,No,Bank Transfer,Annually
1736,Laura Jackson,61,Senior,Male,Michigan,No,Credit Card,Annually
1737,Charles Turner,62,Senior,Female,Ohio,No,Credit Card,Monthly
1738,Arthur Hamilton MD,49,Middle-aged,Male,Pennsylvania,Yes,Cash,Annually
1739,Mr. David Wright,62,Senior,Male,Ohio,Yes,PayPal,Weekly
1740,Linda Gonzalez,64,Senior,Male,Pennsylvania,Yes,Debit Card,Bi-Weekly
1741,Eric Rush,38,Adult,Male,Texas,No,Debit Card,Quarterly
1742,Manuel Brock,33,Adult,Male,Florida,No,Venmo,Quarterly
1743,George Ochoa,38,Adult,Male,Illinois,Yes,Debit Card,Weekly
1744,Valerie Taylor,28,Adult,Female,California,No,Cash,Bi-Weekly
1745,Travis Harris,54,Middle-aged,Female,Florida,Yes,Credit Card,Annually
1746,Vincent Novak,53,Middle-aged,Female,North Carolina,No,Debit Card,Monthly
1747,Michael Henry,52,Middle-aged,Male,Michigan,No,Venmo,Bi-Weekly
1748,Dana Bennett,36,Adult,Female,Michigan,Yes,Cash,Weekly
1749,Jenna Wilson,37,Adult,Male,Michigan,Yes,Bank Transfer,Annually
1750,Leslie Gardner,35,Adult,Female,Illinois,Yes,Cash,Annually
1751,Krista Benton,64,Senior,Female,New York,Yes,Cash,Annually
1752,Michael Gonzales,58,Senior,Male,Illinois,No,Cash,Bi-Weekly
1753,Michael Fuentes,66,Senior,Male,Florida,No,Cash,Annually
1754,Jennifer Porter,31,Adult,Male,North Carolina,Yes,Cash,Bi-Weekly
1755,Dana Hopkins,32,Adult,Female,Michigan,No,Credit Card,Weekly
1756,Rachel Jones,48,Middle-aged,Female,North Carolina,No,Credit Card,Monthly
1757,Karen Morales DDS,18,Young Adult,Female,Florida,No,Venmo,Bi-Weekly
1758,Melissa Stephens,20,Young Adult,Female,Ohio,No,Debit Card,Weekly
1759,Heather Woodard,33,Adult,Male,Illinois,Yes,Bank Transfer,Bi-Weekly
1760,Margaret Miller,40,Adult,Female,New York,Yes,PayPal,Weekly
1761,Mary Kelly,28,Adult,Female,Florida,No,Credit Card,Monthly
1762,Amanda Terrell,29,Adult,Female,Georgia,No,PayPal,Quarterly
1763,Jennifer Goodwin,27,Adult,Female,Ohio,No,Venmo,Monthly
1764,Jessica Smith,49,Middle-aged,Female,California,Yes,Debit Card,Quarterly
1765,Jorge Stone,33,Adult,Male,Florida,Yes,Credit Card,Quarterly
1766,Laura Griffin,25,Young Adult,Male,Georgia,No,Bank Transfer,Annually
1767,Raymond Chapman,55,Middle-aged,Female,Michigan,No,Credit Card,Bi-Weekly
1768,Haley Johnson,29,Adult,Female,California,No,Bank Transfer,Annually
1769,Jason Nixon,41,Middle-aged,Male,North Carolina,Yes,Bank Transfer,Weekly
1770,Todd Thomas,45,Middle-aged,Female,New York,No,Debit Card,Weekly
1771,Jesse Clark,25,Young Adult,Female,Pennsylvania,No,Debit Card,Weekly
1772,Mr. Jeffrey Horton,45,Middle-aged,Male,Pennsylvania,Yes,Bank Transfer,Annually
1773,Eric Patrick,53,Middle-aged,Female,Texas,Yes,PayPal,Monthly
1774,Samuel Wong,43,Middle-aged,Female,Ohio,Yes,PayPal,Annually
1775,Carly Riggs,25,Young Adult,Female,Michigan,Yes,Debit Card,Annually
1776,Christopher Moore,67,Senior,Female,Ohio,Yes,Credit Card,Monthly
1777,Tina Hall,45,Middle-aged,Female,Pennsylvania,No,Cash,Monthly
1778,Cody Davidson,45,Middle-aged,Female,North Carolina,No,Venmo,Monthly
1779,Allen Mendez,54,Middle-aged,Male,Texas,No,Venmo,Bi-Weekly
1780,Kevin Price,58,Senior,Female,Georgia,Yes,PayPal,Annually
1781,Christine Goodwin,53,Middle-aged,Female,California,No,Debit Card,Bi-Weekly
1782,Amy Garcia,44,Middle-aged,Female,New York,Yes,Credit Card,Quarterly
1783,Chelsea Nguyen,34,Adult,Male,Michigan,No,Credit Card,Quarterly
1784,Dennis Huffman,26,Adult,Female,California,Yes,PayPal,Annually
1785,Margaret Harper,50,Middle-aged,Male,New York,Yes,PayPal,Weekly
1786,Laurie Bailey,37,Adult,Female,Illinois,No,Cash,Monthly
1787,Lisa Cervantes,30,Adult,Male,Florida,No,Bank Transfer,Bi-Weekly
1788,Elizabeth Mendez,45,Middle-aged,Female,New York,Yes,Venmo,Quarterly
1789,Cesar Wilson,65,Senior,Female,New York,No,Venmo,Annually
1790,Clayton Steele,46,Middle-aged,Female,Ohio,No,Venmo,Weekly
1791,Jennifer Taylor,30,Adult,Female,North Carolina,No,PayPal,Annually
1792,Cody Reid,63,Senior,Male,Illinois,No,Cash,Weekly
1793,Maria Cooke,52,Middle-aged,Male,North Carolina,No,Bank Transfer,Annually
1794,Katherine Taylor,23,Young Adult,Female,Ohio,No,Debit Card,Monthly
1795,Jerry Brown,35,Adult,Female,Ohio,Yes,PayPal,Monthly
1796,Adam Taylor,68,Senior,Male,Ohio,No,Cash,Weekly
1797,Tracey Wagner,22,Young Adult,Male,California,No,PayPal,Annually
1798,Michael Perry PhD,64,Senior,Male,North Carolina,No,Debit Card,Monthly
1799,Bradley Johnson DDS,42,Middle-aged,Male,North Carolina,Yes,Debit Card,Annually
1800,Donald Medina,19,Young Adult,Male,Michigan,No,Cash,Annually
1801,Jim Newton,27,Adult,Male,Texas,Yes,Credit Card,Monthly
1802,Krista Wilson,47,Middle-aged,Male,Illinois,Yes,Debit Card,Quarterly
1803,Reginald Morrow,67,Senior,Male,California,No,Debit Card,Quarterly
1804,Rodney Williams,62,Senior,Male,Illinois,No,Bank Transfer,Annually
1805,Kimberly Fritz,22,Young Adult,Female,California,No,Debit Card,Quarterly
1806,Ronald Potter,50,Middle-aged,Female,North Carolina,Yes,Debit Card,Bi-Weekly
1807,Zachary Cole,18,Young Adult,Female,Florida,No,Bank Transfer,Monthly
1808,Robert Gonzales,35,Adult,Male,Texas,Yes,Credit Card,Quarterly
1809,Patricia Young PhD,49,Middle-aged,Male,North Carolina,No,Venmo,Quarterly
1810,Heather Page,64,Senior,Male,Pennsylvania,No,Venmo,Annually
1811,Carol Taylor,66,Senior,Male,Ohio,No,Debit Card,Weekly
1812,Daniel Brown,28,Adult,Female,Michigan,Yes,Credit Card,Quarterly
1813,Douglas Ryan,38,Adult,Female,California,Yes,PayPal,Weekly
1814,Michael Roberts,43,Middle-aged,Female,Illinois,No,Bank Transfer,Monthly
1815,Scott Duke,42,Middle-aged,Male,Ohio,Yes,Bank Transfer,Weekly
1816,Anna Estes,39,Adult,Female,Florida,Yes,Credit Card,Quarterly
1817,Tamara Riddle,44,Middle-aged,Female,New York,No,Cash,Bi-Weekly
1818,Beth Cline,66,Senior,Female,Florida,Yes,Bank Transfer,Bi-Weekly
1819,Michael Poole,30,Adult,Male,California,No,PayPal,Monthly
1820,Megan Burns,50,Middle-aged,Male,Ohio,No,Venmo,Quarterly
1821,Debra Perry,51,Middle-aged,Male,California,No,Venmo,Monthly
1822,Mark Beard,58,Senior,Male,Georgia,No,Credit Card,Annually
1823,Jose Ramirez,52,Middle-aged,Male,Michigan,No,Venmo,Annually
1824,Jackie Clements,18,Young Adult,Female,Michigan,No,Credit Card,Weekly
1825,Aaron Schroeder,38,Adult,Male,New York,No,Bank Transfer,Monthly
1826,Monica Ellis,65,Senior,Male,Illinois,No,Credit Card,Bi-Weekly
1827,Heather Brown,23,Young Adult,Female,Texas,Yes,Bank Transfer,Monthly
1828,Claudia Jordan,45,Middle-aged,Female,California,Yes,Credit Card,Weekly
1829,Derrick Clayton,34,Adult,Male,New York,Yes,Credit Card,Quarterly
1830,Kenneth Knight,22,Young Adult,Female,Texas,No,Bank Transfer,Monthly
1831,Mr. Michael Williams,48,Middle-aged,Male,New York,No,Credit Card,Weekly
1832,Richard Stevens,22,Young Adult,Male,Texas,No,Cash,Annually
1833,Scott Alexander,55,Middle-aged,Female,Georgia,No,Cash,Bi-Weekly
1834,Tyler Harris,20,Young Adult,Male,Pennsylvania,No,Cash,Quarterly
1835,Bonnie Santos,40,Adult,Female,North Carolina,No,Credit Card,Monthly
1836,Timothy Hill,54,Middle-aged,Female,North Carolina,No,Venmo,Monthly
1837,Danielle Watson,54,Middle-aged,Female,Illinois,No,PayPal,Bi-Weekly
1838,Carol Sanders,27,Adult,Female,Texas,Yes,Cash,Annually
1839,Michael Young,27,Adult,Male,Pennsylvania,Yes,Bank Transfer,Monthly
1840,Michele Smith,36,Adult,Female,Texas,No,Debit Card,Bi-Weekly
1841,Casey Perez,34,Adult,Female,Illinois,Yes,Debit Card,Bi-Weekly
1842,Alexandra Dominguez,38,Adult,Male,California,No,Bank Transfer,Quarterly
1843,Virginia Henderson,31,Adult,Male,New York,No,Bank Transfer,Bi-Weekly
1844,Benjamin Reyes,26,Adult,Female,Pennsylvania,No,Bank Transfer,Bi-Weekly
1845,Ashley Edwards,63,Senior,Male,Ohio,No,Credit Card,Bi-Weekly
1846,Breanna Ayala,18,Young Adult,Female,Illinois,No,PayPal,Monthly
1847,Brandi Haney,68,Senior,Female,North Carolina,No,Cash,Bi-Weekly
1848,Joseph Smith,62,Senior,Male,California,Yes,Bank Transfer,Bi-Weekly
1849,Jessica Bowen,30,Adult,Male,Illinois,No,Credit Card,Bi-Weekly
1850,Brittany Jenkins,21,Young Adult,Female,Michigan,No,Bank Transfer,Bi-Weekly
1851,Shannon Miller,18,Young Adult,Female,California,No,Venmo,Annually
1852,Paul Lawrence,66,Senior,Male,Georgia,Yes,PayPal,Monthly
1853,Victor Edwards,57,Senior,Male,Georgia,Yes,Venmo,Bi-Weekly
1854,Donald Miller,49,Middle-aged,Female,North Carolina,No,Venmo,Weekly
1855,Lindsay Lawson,51,Middle-aged,Female,Pennsylvania,No,Bank Transfer,Weekly
1856,Melissa Abbott,45,Middle-aged,Female,New York,No,Debit Card,Weekly
1857,Elizabeth Holmes,48,Middle-aged,Male,Georgia,No,Cash,Quarterly
1858,Nicole Phillips,25,Young Adult,Female,Michigan,Yes,Credit Card,Annually
1859,Steven Blevins,56,Senior,Male,Texas,Yes,Venmo,Weekly
1860,Brian Porter MD,43,Middle-aged,Male,Pennsylvania,No,Bank Transfer,Annually
1861,Vanessa Hatfield,51,Middle-aged,Male,Texas,No,Venmo,Weekly
1862,Bonnie Valencia,20,Young Adult,Female,Illinois,No,Credit Card,Quarterly
1863,Holly Vega,67,Senior,Female,California,No,PayPal,Monthly
1864,Tiffany Townsend,29,Adult,Male,Michigan,No,Credit Card,Annually
1865,Austin Baker,18,Young Adult,Male,California,Yes,Credit Card,Monthly
1866,Antonio Mccormick,61,Senior,Female,Florida,No,Cash,Quarterly
1867,Lori Mason,22,Young Adult,Female,North Carolina,Yes,Debit Card,Annually
1868,Michael Miller,47,Middle-aged,Male,New York,No,Venmo,Monthly
1869,Lisa Ramirez,47,Middle-aged,Female,New York,Yes,Debit Card,Quarterly
1870,Jorge Harris,34,Adult,Female,New York,Yes,PayPal,Bi-Weekly
1871,Kimberly Myers,65,Senior,Female,Florida,No,Venmo,Annually
1872,Sandra Becker,64,Senior,Female,New York,No,Debit Card,Monthly
1873,Michael Blair,40,Adult,Male,Georgia,Yes,PayPal,Quarterly
1874,Amy Miller,32,Adult,Female,Pennsylvania,Yes,Bank Transfer,Bi-Weekly
1875,Jesse Lynch,54,Middle-aged,Female,Ohio,No,Cash,Annually
1876,Patrick Yang,38,Adult,Male,Texas,No,PayPal,Bi-Weekly
1877,Michael Miles,31,Adult,Male,Texas,Yes,Debit Card,Weekly
1878,Troy Mills,19,Young Adult,Male,New York,No,Credit Card,Annually
1879,Michelle Jackson,28,Adult,Female,North Carolina,Yes,Venmo,Quarterly
1880,Richard Adams,68,Senior,Female,Ohio,No,Cash,Quarterly
1881,Patricia Johnson,56,Senior,Male,Florida,Yes,Debit Card,Annually
1882,Denise Brown,55,Middle-aged,Female,Pennsylvania,Yes,Bank Transfer,Weekly
1883,Laura Jones,51,Middle-aged,Female,Florida,Yes,Cash,Annually
1884,Ian Porter,55,Middle-aged,Male,Ohio,No,PayPal,Monthly
1885,Holly Scott,67,Senior,Female,Pennsylvania,No,Debit Card,Quarterly
1886,Kenneth Sharp,51,Middle-aged,Female,Illinois,No,Credit Card,Bi-Weekly
1887,Jordan Williams,35,Adult,Male,California,Yes,Credit Card,Quarterly
1888,Dana Ruiz,47,Middle-aged,Male,Michigan,No,Bank Transfer,Weekly
1889,Chris Velazquez,32,Adult,Male,Pennsylvania,Yes,Credit Card,Annually
1890,Kristen Sloan,44,Middle-aged,Female,California,Yes,Credit Card,Quarterly
1891,Jennifer Morris,68,Senior,Male,North Carolina,No,Venmo,Monthly
1892,Nathan Nelson,51,Middle-aged,Female,New York,No,Bank Transfer,Weekly
1893,Jake Shaw,69,Senior,Female,Texas,Yes,Cash,Weekly
1894,Cassie Brock,55,Middle-aged,Female,Florida,No,Debit Card,Bi-Weekly
1895,Dr. Andrea Marshall,50,Middle-aged,Female,North Carolina,Yes,Credit Card,Quarterly
1896,Ryan Murphy,41,Middle-aged,Male,New York,Yes,Venmo,Annually
1897,Aimee Gonzalez,32,Adult,Male,Ohio,Yes,Credit Card,Weekly
1898,Elizabeth Dean,47,Middle-aged,Male,California,Yes,Bank Transfer,Monthly
1899,Kevin Snyder,59,Senior,Female,Georgia,No,Bank Transfer,Monthly
1900,Christie Mccullough,68,Senior,Female,Illinois,No,Credit Card,Annually
1901,Danielle Smith,34,Adult,Male,Illinois,No,PayPal,Monthly
1902,David Reed,22,Young Adult,Male,Pennsylvania,Yes,Bank Transfer,Bi-Weekly
1903,Sherry Tapia,46,Middle-aged,Male,California,No,Debit Card,Annually
1904,Matthew Sweeney,21,Young Adult,Male,North Carolina,No,Cash,Monthly
1905,Ashley Moreno,27,Adult,Male,Georgia,Yes,PayPal,Bi-Weekly
1906,Johnathan Brown,34,Adult,Male,New York,Yes,PayPal,Monthly
1907,Michelle Davis DVM,27,Adult,Female,Pennsylvania,No,Cash,Quarterly
1908,Kelly Haynes,34,Adult,Female,Florida,No,Credit Card,Annually
1909,William Miller,37,Adult,Male,Illinois,Yes,Credit Card,Monthly
1910,Casey Wilkins,41,Middle-aged,Male,Michigan,No,Debit Card,Monthly
1911,Keith Graham,22,Young Adult,Female,Illinois,No,Credit Card,Bi-Weekly
1912,Cynthia Green,51,Middle-aged,Male,Michigan,No,PayPal,Quarterly
1913,Robert Haynes,23,Young Adult,Female,Florida,Yes,PayPal,Quarterly
1914,Emily Nelson,19,Young Adult,Male,Georgia,No,Bank Transfer,Bi-Weekly
1915,Dale Chan,30,Adult,Female,Pennsylvania,No,PayPal,Quarterly
1916,Brittney Martin,60,Senior,Male,Michigan,No,Cash,Monthly
1917,Jason Herrera,60,Senior,Female,Georgia,No,Bank Transfer,Monthly
1918,Christine Parker,65,Senior,Female,Florida,No,Credit Card,Quarterly
1919,Bryan Moore,28,Adult,Male,North Carolina,No,Credit Card,Monthly
1920,Samantha Terry,68,Senior,Female,Florida,No,Credit Card,Quarterly
1921,Russell Murphy,64,Senior,Female,Texas,No,Credit Card,Bi-Weekly
1922,David Kelly,40,Adult,Male,New York,No,Debit Card,Annually
1923,Megan Green,33,Adult,Female,Ohio,No,Bank Transfer,Bi-Weekly
1924,Amanda Sullivan MD,48,Middle-aged,Female,New York,No,Bank Transfer,Annually
1925,Danielle Murray,28,Adult,Male,Florida,No,Debit Card,Bi-Weekly
1926,Brenda Smith,33,Adult,Male,North Carolina,Yes,PayPal,Weekly
1927,Vickie Anderson,25,Young Adult,Male,Pennsylvania,Yes,PayPal,Monthly
1928,Jacqueline Mccoy,21,Young Adult,Male,New York,No,Cash,Bi-Weekly
1929,Lauren Green,57,Senior,Female,Pennsylvania,No,Venmo,Annually
1930,Alison Brown,21,Young Adult,Female,New York,Yes,PayPal,Quarterly
1931,Jill Anderson,42,Middle-aged,Male,Ohio,Yes,Bank Transfer,Quarterly
1932,Sandra Rivera,20,Young Adult,Male,Illinois,No,Credit Card,Bi-Weekly
1933,Joel Jackson,49,Middle-aged,Male,California,Yes,PayPal,Bi-Weekly
1934,Samantha Foster,20,Young Adult,Female,Florida,Yes,PayPal,Bi-Weekly
1935,Michael Thompson,44,Middle-aged,Male,North Carolina,Yes,Debit Card,Quarterly
1936,Cody Ramirez,46,Middle-aged,Female,Florida,No,Credit Card,Weekly
1937,Amanda Harvey,49,Middle-aged,Female,Ohio,No,Cash,Bi-Weekly
1938,Edward Jenkins,67,Senior,Male,Georgia,No,Cash,Quarterly
1939,Amy Ramirez,68,Senior,Male,New York,No,Cash,Quarterly
1940,Curtis Wilkerson,36,Adult,Female,Texas,Yes,PayPal,Bi-Weekly
1941,Lydia Pham,38,Adult,Female,Illinois,No,Cash,Annually
1942,Virginia Casey,22,Young Adult,Female,California,No,Bank Transfer,Annually
1943,Joshua Washington,35,Adult,Female,New York,No,Cash,Monthly
1944,Kathryn Price,45,Middle-aged,Female,Florida,No,Cash,Quarterly
1945,Francis Robinson,59,Senior,Female,North Carolina,Yes,Bank Transfer,Monthly
1946,Paula Brown,39,Adult,Male,Ohio,Yes,Debit Card,Monthly
1947,Kendra Wang DVM,38,Adult,Male,Pennsylvania,No,Credit Card,Annually
1948,Ariel Sandoval,23,Young Adult,Female,Georgia,Yes,Debit Card,Annually
1949,Robert Stark,18,Young Adult,Male,California,No,Bank Transfer,Weekly
1950,Zachary Robinson,22,Young Adult,Male,Michigan,No,Bank Transfer,Quarterly
1951,Rebecca Kelly,58,Senior,Female,California,No,Credit Card,Weekly
1952,Sarah Thompson,29,Adult,Male,North Carolina,No,Debit Card,Bi-Weekly
1953,Renee Wolfe,43,Middle-aged,Male,Texas,No,Credit Card,Weekly
1954,Alyssa Haynes,63,Senior,Male,Ohio,No,Cash,Bi-Weekly
1955,Kristy Hart,51,Middle-aged,Male,California,No,Venmo,Monthly
1956,William Keith,66,Senior,Female,Michigan,No,Cash,Quarterly
1957,Eric Henry Jr.,31,Adult,Female,Michigan,Yes,Venmo,Weekly
1958,Daniel Fox,43,Middle-aged,Female,New York,Yes,Bank Transfer,Quarterly
1959,Thomas Harris,62,Senior,Female,Ohio,No,Cash,Monthly
1960,Mitchell Sellers,44,Middle-aged,Male,Texas,No,Debit Card,Monthly
1961,Erica Johnson,26,Adult,Male,Florida,No,Venmo,Monthly
1962,Sylvia Schroeder,43,Middle-aged,Female,Illinois,Yes,Cash,Monthly
1963,Shannon Yu,64,Senior,Female,Illinois,No,PayPal,Annually
1964,Tom Foster,39,Adult,Male,Pennsylvania,No,Venmo,Annually
1965,Eric Taylor,64,Senior,Female,Ohio,Yes,Credit Card,Monthly
1966,Travis Conner,47,Middle-aged,Male,Pennsylvania,Yes,Bank Transfer,Monthly
1967,Marie Thompson,60,Senior,Male,Pennsylvania,Yes,Bank Transfer,Weekly
1968,Melissa Mcfarland,65,Senior,Male,Georgia,No,Debit Card,Quarterly
1969,Courtney Chapman,34,Adult,Female,Illinois,Yes,Cash,Weekly
1970,Eric Barker,43,Middle-aged,Male,Florida,No,Cash,Monthly
1971,Nicholas Rush,53,Middle-aged,Male,California,Yes,Credit Card,Annually
1972,Jenna Gamble,18,Young Adult,Male,Florida,Yes,Cash,Bi-Weekly
1973,Amanda Guzman,25,Young Adult,Male,Texas,No,Cash,Annually
1974,Tracy Walker,66,Senior,Male,Michigan,No,Credit Card,Annually
1975,Taylor Taylor,52,Middle-aged,Male,California,Yes,Credit Card,Annually
1976,Cynthia Haas,69,Senior,Female,Texas,No,PayPal,Bi-Weekly
1977,Stephen Davis,32,Adult,Male,California,Yes,Bank Transfer,Monthly
1978,Margaret Tanner,64,Senior,Male,Texas,No,PayPal,Monthly
1979,Derek Wright,39,Adult,Male,Georgia,Yes,Credit Card,Monthly
1980,David Rodriguez,31,Adult,Female,Georgia,Yes,Bank Transfer,Annually
1981,James Oconnor,43,Middle-aged,Female,Pennsylvania,Yes,Bank Transfer,Quarterly
1982,Stacey Snyder,45,Middle-aged,Male,Ohio,No,Venmo,Quarterly
1983,Joshua Garcia,40,Adult,Male,California,Yes,Bank Transfer,Weekly
1984,Sean Curtis,31,Adult,Male,North Carolina,Yes,Venmo,Quarterly
1985,Carla Jones,41,Middle-aged,Male,Pennsylvania,No,Bank Transfer,Annually
1986,Elizabeth Flores,19,Young Adult,Female,Florida,No,Venmo,Monthly
1987,Angela Jackson,62,Senior,Male,Georgia,No,Debit Card,Quarterly
1988,Nicholas Payne,43,Middle-aged,Female,Illinois,Yes,Bank Transfer,Bi-Weekly
1989,Anna Wheeler,31,Adult,Female,Georgia,No,PayPal,Bi-Weekly
1990,Karen Johnson,68,Senior,Male,Illinois,Yes,Venmo,Monthly
1991,Carmen Preston,24,Young Adult,Female,California,No,Venmo,Quarterly
1992,Brian Harris,20,Young Adult,Male,California,Yes,Bank Transfer,Annually
1993,Michael Bowen,64,Senior,Male,Texas,No,Bank Transfer,Annually
1994,Deborah Campbell,40,Adult,Female,Illinois,Yes,Venmo,Quarterly
1995,Anthony Armstrong,63,Senior,Female,Michigan,No,Credit Card,Weekly
1996,Brittany Ward,60,Senior,Female,New York,Yes,Cash,Weekly
1997,Edward Stanley,64,Senior,Male,Florida,No,Bank Transfer,Bi-Weekly
1998,Christina Johnson,62,Senior,Male,Pennsylvania,No,Bank Transfer,Monthly
1999,Edgar Miller,35,Adult,Female,Texas,No,Debit Card,Bi-Weekly
2000,Elizabeth Sanders,55,Middle-aged,Female,California,No,Cash,Monthly
